<?xml version="1.0" encoding="utf-8"?>
<extension version="3.1" type="plugin" group="editors-xtd">
	<name>Button - PrizmCloud Document Viewer</name>
	<author>Accusoft Corporation</author>
	<creationDate>May 2013</creationDate>
	<copyright>Copyright (C) 2005 - 2013 Accusoft Corporation. All rights reserved.</copyright>
	<license>GNU General Public License version 2 or later; see LICENSE.txt</license>
	<authorEmail>support@accusoft.com</authorEmail>
	<authorUrl>www.accusoft.com</authorUrl>
	<version>1.0.0</version>
	<description>A description for now for button</description>
	<files>
		<filename plugin="prizmcloudviewer">prizmcloudviewer.php</filename>
		<filename>prizmcloudviewer-dialog.php</filename>
		<filename>index.html</filename>
		<filename>jscolor.js</filename>
		<folder>images</folder>
	</files>
</extension>
