<?xml version="1.0" encoding="UTF-8" ?>
<extension type="package" version="2.5">
 <name>PrizmCloud Document Viewer Plugins</name>
 <author>Accusoft Corporation</author>
 <creationDate>May 2013</creationDate>
 <copyright>copyright (c) Accusoft Corporation, 2012. All rights  reserved</copyright>
 <license>http://www.gnu.org/licenses/gpl-2.0.html GNU/GPL</license>
 <packagename>prizmcloudviewer</packagename>
 <version>1.0.0</version>
 <url>http://accusoft.com</url>
 <packager>Accusoft Corporation</packager>
 <packagerurl>http://accusoft.com</packagerurl>
 <description>&lt;div class=&quot;alert alert-success&quot;&gt; &lt;h4&gt;Thank you for installing PrizmCloud Document Viewer!&lt;/h4&gt; &lt;p&gt;You now have two plugins: a Content and an Editor Button. Please enable both. This plugin allows you to embed PrizmCloud Document Viewer into your site.&lt;/p&gt; &lt;/div&gt;</description>
 <!--<update>http://www.updateurl.com</update>-->
 <files folder="packages">
   <file type="plugin" id="prizmcloudviewer" group="content">plg_content_prizmcloudviewer.zip</file>
   <file type="plugin" id="prizmcloudviewer" group="editors-xtd">plg_editors-xtd_prizmcloudviewer.zip</file>
 </files>
</extension>